<?xml version="1.0" encoding="UTF-8"?>
<web-app xmlns="http://xmlns.jcp.org/xml/ns/javaee"
         xmlns:xsi="http://www.w3.org/2001/XMLSchema-instance"
         xsi:schemaLocation="http://xmlns.jcp.org/xml/ns/javaee 
                             http://xmlns.jcp.org/xml/ns/javaee/web-app_4_0.xsd"
         version="4.0">

    <servlet>
        <servlet-name>LoginServlet</servlet-name>
        <servlet-class>com.e.ad.LoginServlet</servlet-class>
    </servlet>
<dependency>
    <groupId>javax.servlet</groupId>
    <artifactId>jstl</artifactId>
    <version>1.2</version>
</dependency>
<dependency>
    <groupId>taglibs</groupId>
    <artifactId>standard</artifactId>
    <version>1.1.2</version>
</dependency>

    <servlet-mapping>
        <servlet-name>LoginServlet</servlet-name>
        <url-pattern>/LoginServlet</url-pattern>
    </servlet-mapping>

    <!-- Add other servlet and mapping configurations here -->

</web-app>
